图解6,,,,图解4,,,,图解3,
时间 (sec),角速度1 (deg/sec),,,时间 (sec),线性位移3 (mm),,,时间 (sec),线性位移2 (mm)
0,4.54E-13,,,0,601.8093069,,,0,578.2727522
0.04,33.22429903,,,0.04,609.5703135,,,0.04,579.2220007
0.08,33.6455359,,,0.08,615.5845261,,,0.08,580.1592732
0.12,33.88736326,,,0.12,618.7335946,,,0.12,581.0817123
0.16,34.10607875,,,0.16,620.2764104,,,0.16,581.9866581
0.2,34.28886826,,,0.2,621.0755817,,,0.2,582.8716538
0.24,34.46442082,,,0.24,621.5073842,,,0.24,583.734449
0.28,34.63490376,,,0.28,621.7380866,,,0.28,584.5730009
0.32,34.78064021,,,0.32,621.8482733,,,0.32,585.3854719
0.36,34.91170453,,,0.36,621.880713,,,0.36,586.1702257
0.4,35.03403448,,,0.4,621.8598918,,,0.4,586.9258199
0.44,35.12987477,,,0.44,621.8007137,,,0.44,587.6509977
0.48,35.22327269,,,0.48,621.7127087,,,0.48,588.3446772
0.52,35.32190279,,,0.52,621.6022181,,,0.52,589.0059395
0.56,35.41298654,,,0.56,621.4735992,,,0.56,589.6340165
0.6,35.49126922,,,0.6,621.3299244,,,0.6,590.2282764
0.64,35.55535188,,,0.64,621.1734053,,,0.64,590.7882108
0.68,35.60678087,,,0.68,621.0056595,,,0.68,591.31342
0.72,35.64909267,,,0.72,620.827883,,,0.72,591.8035995
0.76,35.70123646,,,0.76,620.6409668,,,0.76,592.2585261
0.8,35.7578301,,,0.8,620.445576,,,0.8,592.6780455
0.84,35.80076454,,,0.84,620.2422055,,,0.84,593.0620593
0.88,35.82142417,,,0.88,620.0312196,,,0.88,593.4105138
0.92,35.83883854,,,0.92,619.8128813,,,0.92,593.7233896
0.96,35.84560128,,,0.96,619.5873735,,,0.96,594.0006911
1,35.85937704,,,1,619.3548157,,,1,594.2424388
1.04,35.88057492,,,1.04,619.1152758,,,1.04,594.4486606
1.08,35.9050557,,,1.08,618.8687802,,,1.08,594.619386
1.12,35.92507339,,,1.12,618.6153214,,,1.12,594.7546397
1.16,35.92507339,,,1.16,618.3548639,,,1.16,594.8544373
1.2,35.92507339,,,1.2,618.0873497,,,1.2,594.9187819
1.24,35.92507339,,,1.24,617.8127019,,,1.24,594.9476611
1.28,35.92507339,,,1.28,617.530829,,,1.28,594.9410458
1.32,35.92507339,,,1.32,617.2416276,,,1.32,594.8988893
1.36,35.92507339,,,1.36,616.9449852,,,1.36,594.8211281
1.4,35.92507339,,,1.4,616.6407833,,,1.4,594.7076832
1.44,35.92507339,,,1.44,616.3288993,,,1.44,594.5584625
1.48,35.92507339,,,1.48,616.009209,,,1.48,594.373365
1.52,35.92507339,,,1.52,615.681589,,,1.52,594.1522847
1.56,35.92507339,,,1.56,615.3459186,,,1.56,593.8951168
1.6,35.92507339,,,1.6,615.0020827,,,1.6,593.6017643
1.64,35.92507339,,,1.64,614.6499733,,,1.64,593.2721463
1.68,35.91750877,,,1.68,614.2894924,,,1.68,592.9062066
1.72,35.67633987,,,1.72,613.9205541,,,1.72,592.5039241
1.76,35.37604632,,,1.76,613.5430869,,,1.76,592.0653238
1.8,35.22601174,,,1.8,613.1570368,,,1.8,591.5904889
1.84,35.12655717,,,1.84,612.762369,,,1.84,591.0795739
1.88,35.00932015,,,1.88,612.3590711,,,1.88,590.5328181
1.92,34.88596668,,,1.92,611.9471556,,,1.92,589.9505604
1.96,34.76329532,,,1.96,611.5266624,,,1.96,589.3332536
2,34.63161788,,,2,611.0976617,,,2,588.6814793
2.04,34.48433782,,,2.04,610.6602562,,,2.04,587.9959632
2.08,34.30460868,,,2.08,610.2145844,,,2.08,587.2775887
2.12,34.07693907,,,2.12,609.7608226,,,2.12,586.5274114
2.16,33.85307749,,,2.16,609.2991876,,,2.16,585.746671
2.2,33.60309048,,,2.2,608.8299388,,,2.2,584.9368026
2.24,33.34809829,,,2.24,608.3533808,,,2.24,584.0994461
2.28,33.23554326,,,2.28,607.8698651,,,2.28,583.2364529
2.32,33.23546822,,,2.32,607.3797916,,,2.32,582.3498908
2.36,32.60536724,,,2.36,606.8836108,,,2.36,581.4420457
2.4,32.01778002,,,2.4,606.3818245,,,2.4,580.5154205
2.44,29.86040418,,,2.44,605.8749868,,,2.44,579.5727304
2.48,16.30763322,,,2.48,605.3637047,,,2.48,578.616896
2.52,7.25689811,,,2.52,604.8486383,,,2.52,577.6509759
2.56,0.257301998,,,2.56,604.3305006,,,2.56,576.7624364
2.6,3.308650178,,,2.6,603.8100567,,,2.6,576.0486257
2.64,4.079483445,,,2.64,603.2881227,,,2.64,575.5112323
2.68,4.147820715,,,2.68,602.7655645,,,2.68,575.1513135
2.72,4.149196034,,,2.72,602.2432953,,,2.72,574.9694272
2.76,4.149213013,,,2.76,601.7222734,,,2.76,574.945248
2.8,4.149213223,,,2.8,601.203499,,,2.8,574.9452406
2.84,4.149213225,,,2.84,600.6880111,,,2.84,574.9452406
2.88,4.054377099,,,2.88,600.1768831,,,2.88,574.9452406
2.92,1.758913272,,,2.92,599.6712189,,,2.92,574.9452406
2.96,0.990752718,,,2.96,599.1721474,,,2.96,574.9452406
3,1.467665131,,,3,598.680818,,,3,574.9452406
3.04,1.235449754,,,3.04,598.198394,,,3.04,574.9452406
3.08,3.820237399,,,3.08,597.7260469,,,3.08,574.9452406
3.12,4.336856559,,,3.12,597.2649497,,,3.12,574.9452406
3.16,3.37945911,,,3.16,596.8162698,,,3.16,574.9452406
3.2,2.611000157,,,3.2,596.3811616,,,3.2,574.9452406
3.24,2.022284324,,,3.24,595.9607586,,,3.24,574.9452406
3.28,1.526335631,,,3.28,595.5561653,,,3.28,574.9452406
3.32,1.154716579,,,3.32,595.1684484,,,3.32,574.9452406
3.36,0.863011433,,,3.36,594.7986278,,,3.36,574.9452406
3.4,0.594745545,,,3.4,594.447667,,,3.4,574.9452406
3.44,0.447072095,,,3.44,594.1164631,,,3.44,574.9452406
3.48,0.229516628,,,3.48,593.8058358,,,3.48,574.9452406
3.52,0.323616791,,,3.52,593.5165165,,,3.52,574.9452406
3.56,0.397945488,,,3.56,593.2491358,,,3.56,574.9452406
3.6,0.415021023,,,3.6,593.0042105,,,3.6,574.9452406
3.64,0.487734528,,,3.64,592.7821294,,,3.64,574.9452406
3.68,0.496335729,,,3.68,592.583137,,,3.68,574.9452406
3.72,0.552916377,,,3.72,592.4073166,,,3.72,574.9452406
3.76,0.598694415,,,3.76,592.2545699,,,3.76,574.9452406
3.8,0.598694415,,,3.8,592.124595,,,3.8,574.9452406
3.84,0.638216679,,,3.84,592.0168597,,,3.84,574.9452406
3.88,0.639524605,,,3.88,591.9305724,,,3.88,574.9452406
3.92,0.654643018,,,3.92,591.8646466,,,3.92,574.9452406
3.96,0.664898123,,,3.96,591.8176608,,,3.96,574.9452406
4,0.664898123,,,4,591.7878126,,,4,574.9452406
4.04,0.672995304,,,4.04,591.7728668,,,4.04,574.9452406
4.07,0.676032986,,,4.07,591.7698202,,,4.07,574.9452406
4.08,0.676032986,,,4.08,591.7701028,,,4.08,574.9452406
4.12,0.676032986,,,4.12,591.7762673,,,4.12,574.9452406
4.16,0.676032986,,,4.16,591.7875532,,,4.16,574.9452406
4.17,0.676032997,,,4.17,591.7906787,,,4.17,574.9452406
4.2,0.676033003,,,4.2,591.7996484,,,4.2,574.9452406
4.24,0.676033003,,,4.24,591.8079527,,,4.24,574.9452406
4.28,0.676033003,,,4.28,591.8081808,,,4.28,574.9452406
4.30888178,0.676033003,,,4.30888178,591.8017693,,,4.30888178,574.9452406
4.32,0.676033003,,,4.32,591.797845,,,4.32,574.9452406
4.36,8.712592447,,,4.36,591.779763,,,4.36,574.9452382
4.4,29.99327421,,,4.4,591.7703217,,,4.4,575.0043248
4.431360997,30.18561396,,,4.431360997,591.7990067,,,4.431360997,575.1723343
4.44,30.18791054,,,4.44,591.8191501,,,4.44,575.2376994
4.48,40.37433505,,,4.48,592.0563508,,,4.48,575.6472191
4.485027126,41.65257239,,,4.485027126,592.1122381,,,4.485027126,575.7110665
4.52,42.71044365,,,4.52,592.8027105,,,4.52,576.2311671
4.56,42.64992955,,,4.56,594.7846508,,,4.56,576.987287
4.6,32.00565846,,,4.6,599.2443201,,,4.6,577.9051248
4.64,32.14308743,,,4.64,606.5740747,,,4.64,578.8581598
4.68,32.14164671,,,4.68,613.6517623,,,4.68,579.8003875
4.72,32.14157841,,,4.72,617.7829681,,,4.72,580.7288574
4.76,33.36419469,,,4.76,619.8035261,,,4.76,581.6408333
4.784,33.85418673,,,4.784,620.4934988,,,4.784,582.1790385
4.8,33.96273422,,,4.8,620.8255299,,,4.8,582.5337798
4.84,34.17548284,,,4.84,621.3715058,,,4.84,583.4053667
4.88,34.3655042,,,4.88,621.6668727,,,4.88,584.2534715
4.92,34.52238014,,,4.92,621.8168935,,,4.92,585.0761782
4.96,34.67132507,,,4.96,621.8756027,,,4.96,585.8717736
5,34.81535003,,,5,621.8731032,,,5,586.6387417
5.04,34.95564067,,,5.04,621.8273191,,,5.04,587.3757554
5.08,35.07489629,,,5.08,621.7495108,,,5.08,588.081667
5.12,35.17911794,,,5.12,621.6470638,,,5.12,588.7554963
5.16,35.25571152,,,5.16,621.524995,,,5.16,589.3964188
5.2,35.33188105,,,5.2,621.3868093,,,5.2,590.0037519
5.24,35.41145414,,,5.24,621.2350111,,,5.24,590.5769413
5.28,35.4933374,,,5.28,621.0714218,,,5.28,591.1155473
5.32,35.56687933,,,5.32,620.8973831,,,5.32,591.6192303
5.36,35.62679462,,,5.36,620.7138926,,,5.36,592.0877375
5.4,35.66687926,,,5.4,620.5216945,,,5.4,592.5208895
5.44,35.68965446,,,5.44,620.3213436,,,5.44,592.9185678
5.48,35.72764083,,,5.48,620.1132505,,,5.48,593.2807029
5.52,35.77125007,,,5.52,619.8977144,,,5.52,593.6072634
5.56,35.82053738,,,5.56,619.6749469,,,5.56,593.8982456
5.6,35.85652374,,,5.6,619.44509,,,5.6,594.1536648
5.64,35.85502568,,,5.64,619.2082303,,,5.64,594.3735469
5.68,35.85512855,,,5.68,618.9644091,,,5.68,594.5579214
5.72,35.85514171,,,5.72,618.7136313,,,5.72,594.7068156
5.76,35.85513976,,,5.76,618.4558714,,,5.76,594.8202491
5.8,35.85513979,,,5.8,618.1910794,,,5.8,594.89823
5.84,35.85667585,,,5.84,617.9191854,,,5.84,594.9407523
5.88,35.87605501,,,5.88,617.6401031,,,5.88,594.9477933
5.92,35.8750906,,,5.92,617.3537332,,,5.92,594.9193131
5.96,35.87510648,,,5.96,617.0599665,,,5.96,594.8552546
6,35.87511726,,,6,616.7586864,,,6,594.7555444
6.04,35.87511627,,,6.04,616.4497717,,,6.04,594.6200952
6.08,35.87511625,,,6.08,616.1330985,,,6.08,594.4488089
6.12,35.87511626,,,6.12,615.8085429,,,6.12,594.2415807
6.13,35.87511626,,,6.13,615.7261579,,,6.13,594.1841453
6.16,35.87511626,,,6.16,615.4759828,,,6.16,593.9983047
6.180536416,35.87486355,,,6.180536416,615.3020948,,,6.180536416,593.8593664
6.2,35.87486349,,,6.2,615.1353007,,,6.2,593.71888
6.24,35.87485606,,,6.24,614.7863856,,,6.24,593.4032185
6.28,35.47203676,,,6.28,614.4291354,,,6.28,593.0512533
6.32,35.395703,,,6.32,614.0634592,,,6.32,592.6629487
6.36,35.32490413,,,6.36,613.6892798,,,6.36,592.2383103
6.4,35.23501489,,,6.4,613.306536,,,6.4,591.7773977
6.44,35.14214309,,,6.44,612.9151854,,,6.44,591.2803363
6.48,35.03518865,,,6.48,612.5152068,,,6.48,590.7473311
6.52,34.90441031,,,6.52,612.1066026,,,6.52,590.178681
6.56,34.77699305,,,6.56,611.6894019,,,6.56,589.5747931
6.6,34.64474122,,,6.6,611.263663,,,6.6,588.9361978
6.64,34.49275499,,,6.64,610.8294757,,,6.64,588.2635637
6.68,34.33324746,,,6.68,610.3869645,,,6.68,587.5577118
6.72,34.15195571,,,6.72,609.9362909,,,6.72,586.81963
6.76,33.93517378,,,6.76,609.4776557,,,6.76,586.0504857
6.8,33.69440995,,,6.8,609.0113018,,,6.8,585.2516377
6.84,33.45016891,,,6.84,608.537516,,,6.84,584.4246461
6.88,33.17504166,,,6.88,608.0566317,,,6.88,583.5712803
6.92,32.8866316,,,6.92,607.5690299,,,6.92,582.6935246
6.96,32.55887791,,,6.96,607.0751415,,,6.96,581.7935809
7,32.17041397,,,7,606.5754485,,,7,580.8738689
7.04,31.73643805,,,7.04,606.0704846,,,7.04,579.937023
7.08,20.35560102,,,7.08,605.5608367,,,7.08,578.9858857
7.12,10.07415405,,,7.12,605.0471443,,,7.12,578.0234918
7.16,1.987969135,,,7.16,604.5301002,,,7.16,577.0836427
7.2,2.325827796,,,7.2,604.0104494,,,7.2,576.3023642
7.24,3.717830951,,,7.24,603.4889888,,,7.24,575.696966
7.28,3.801411067,,,7.28,602.9665652,,,7.28,575.2686942
7.32,3.806409944,,,7.32,602.4440738,,,7.32,575.0183002
7.36,3.806471658,,,7.36,601.922456,,,7.36,574.9453295
7.4,3.80647242,,,7.4,601.4026962,,,7.4,574.9452404
7.44,3.806472429,,,7.44,600.8858191,,,7.44,574.9452406
7.48,3.687675677,,,7.48,600.3728851,,,7.48,574.9452406
7.52,2.780952547,,,7.52,599.8649871,,,7.52,574.9452406
7.56,0.465537992,,,7.56,599.3632449,,,7.56,574.9452406
7.6,1.628724061,,,7.6,598.8688008,,,7.6,574.9452406
7.64,1.241183986,,,7.64,598.3828133,,,7.64,574.9452406
7.68,2.844754492,,,7.68,597.9064515,,,7.68,574.9452406
7.72,3.975453591,,,7.72,597.4408889,,,7.72,574.9452406
7.76,3.086975645,,,7.76,596.9872956,,,7.76,574.9452406
7.8,2.046595242,,,7.8,596.546832,,,7.8,574.9452406
7.84,1.106515073,,,7.84,596.1206407,,,7.84,574.9452406
7.88,0.234085933,,,7.88,595.7098382,,,7.88,574.9452406
7.92,0.46312866,,,7.92,595.3155069,,,7.92,574.9452406
7.96,1.108091028,,,7.96,594.9386858,,,7.96,574.9452406
8,1.31065781,,,8,594.5803613,,,8,574.9452406
8.04,1.302435702,,,8.04,594.2414571,,,8.04,574.9452406
8.08,1.006322455,,,8.08,593.922824,,,8.08,574.9452406
8.12,0.550186778,,,8.12,593.6252289,,,8.12,574.9452406
8.16,0.363417163,,,8.16,593.3493426,,,8.16,574.9452406
8.2,0.041456469,,,8.2,593.0957273,,,8.2,574.9452406
8.24,0.064096012,,,8.24,592.8648228,,,8.24,574.9452406
8.28,0.20780863,,,8.28,592.6569311,,,8.28,574.9452406
8.32,0.331946528,,,8.32,592.4721996,,,8.32,574.9452406
8.36,0.356106994,,,8.36,592.3106025,,,8.36,574.9452406
8.4,0.367286954,,,8.4,592.171919,,,8.4,574.9452406
8.44,0.367590555,,,8.44,592.0557088,,,8.44,574.9452406
8.48,0.3676127,,,8.48,591.9612839,,,8.48,574.9452406
8.52,0.367612974,,,8.52,591.8876757,,,8.52,574.9452406
8.56,0.367612977,,,8.56,591.8335967,,,8.56,574.9452406
8.6,0.367612977,,,8.6,591.7973968,,,8.6,574.9452406
8.64,0.367612977,,,8.64,591.7770136,,,8.64,574.9452406
8.68,0.367612977,,,8.68,591.7699194,,,8.68,574.9452406
8.72,0.367612977,,,8.72,591.7730702,,,8.72,574.9452406
8.76,0.367612977,,,8.76,591.7828715,,,8.76,574.9452406
8.8,0.397047017,,,8.8,591.7951918,,,8.8,574.9452406
8.84,0.406369858,,,8.84,591.8054987,,,8.84,574.9452406
8.88,0.414373541,,,8.88,591.8092741,,,8.88,574.9452406
8.91,0.414630694,,,8.91,591.8056489,,,8.91,574.9452406
8.92,0.414637288,,,8.92,591.8030715,,,8.92,574.9452406
8.96,0.414640218,,,8.96,591.7870396,,,8.96,574.9452403
9,23.87729587,,,9,591.7708609,,,9,574.9617349
9.031293503,25.43744881,,,9.031293503,591.7780785,,,9.031293503,575.0759588
9.04,25.45679935,,,9.04,591.7878223,,,9.04,575.1270181
9.08,35.45923121,,,9.08,591.9285453,,,9.08,575.4689635
9.12,42.73532566,,,9.12,592.4212269,,,9.12,575.9860611
9.152973855,42.75219645,,,9.152973855,593.4578869,,,9.152973855,576.5426006
9.16,42.712152,,,9.16,593.8051637,,,9.16,576.6762627
9.2,30.9728397,,,9.2,597.1547784,,,9.2,577.5370356
9.24,31.03301249,,,9.24,603.5348099,,,9.24,578.492715
9.262701526,31.03477976,,,9.262701526,608.0224934,,,9.262701526,579.0314127
9.28,31.44890697,,,9.28,611.2326588,,,9.28,579.4394645
9.290351496,32.12261816,,,9.290351496,612.9133054,,,9.290351496,579.6825269
9.303683955,32.21152016,,,9.303683955,614.7540577,,,9.303683955,579.9942542
9.32,33.07919904,,,9.32,616.5246731,,,9.32,580.3735604
9.326221056,33.26529396,,,9.326221056,617.0762241,,,9.326221056,580.5175158
9.36,33.64953876,,,9.36,619.1896675,,,9.36,581.2921914
9.36,33.64953876,,,9.36,619.1896675,,,9.36,581.2921914
9.389689341,33.7586007,,,9.389689341,620.2469979,,,9.389689341,581.9624785
9.4,33.77212671,,,9.4,620.5078838,,,9.4,582.1927439
9.430660421,33.9451453,,,9.430660421,621.0740123,,,9.430660421,582.8692755
9.44,33.95479784,,,9.44,621.1996854,,,9.44,583.0728086
9.47363983,34.16798521,,,9.47363983,621.5293545,,,9.47363983,583.7954582
9.48,34.16798521,,,9.48,621.5746484,,,9.48,583.9301829
9.52,34.18151499,,,9.52,621.7722394,,,9.52,584.7628718
9.56,34.53561314,,,9.56,621.8615584,,,9.56,585.5690847
9.58,34.53954753,,,9.58,621.8780172,,,9.58,585.9617577
9.6,34.53998469,,,9.6,621.8799782,,,9.6,586.3472304
9.61,34.54002112,,,9.61,621.8762707,,,9.61,586.5372134
9.64,34.54003866,,,9.64,621.8492264,,,9.64,587.0959105
9.65,34.54003911,,,9.65,621.8355472,,,9.65,587.2783301
9.68,34.54003933,,,9.68,621.7826921,,,9.68,587.8139093
9.69,34.54003933,,,9.69,621.7615536,,,9.69,587.9884892
9.72,34.54003933,,,9.72,621.6890223,,,9.72,588.5001837
9.74,34.54003933,,,9.74,621.6339028,,,9.74,588.8311425
9.76,34.54003933,,,9.76,621.574017,,,9.76,589.1538509
9.8,34.54003933,,,9.8,621.4416877,,,9.8,589.7741753
9.81,34.54003933,,,9.81,621.4062512,,,9.81,589.9239733
9.84,34.54003933,,,9.84,621.2948776,,,9.84,590.3605549
9.861311116,34.66129211,,,9.861311116,621.2114804,,,9.861311116,590.6589342
9.88,34.66129211,,,9.88,621.1356419,,,9.88,590.9125076
9.92,34.66129211,,,9.92,620.9654877,,,9.92,591.4296568
9.96,34.66129211,,,9.96,620.7855323,,,9.96,591.9117181
10,34.66129211,,,10,620.5966084,,,10,592.3584853
